customer_id,shap_aopc,lime_aopc,random_aopc
49649,0.35032004,0.48263603,0.4955317
48978,0.6191439,0.5276185,0.32964456
22409,0.70696616,0.6556952,0.28690618
10938,0.4026636,0.3893016,0.28011757
15581,0.44070303,0.41347992,0.28290004
67445,0.73830825,0.6326783,0.14038138
4951,0.68933034,0.58882564,0.5316841
1154,0.4602285,0.2618918,0.19769438
4963,0.7370952,0.61269355,0.520724
28523,0.7181873,0.71622354,0.36656243
69552,0.4476266,0.45238504,0.27801594
946,0.47338334,0.44211262,0.18086347
3596,0.7156986,0.6145053,0.514245
26049,0.5347715,0.4892015,0.51038814
49159,0.49811116,0.606433,0.5822586
42271,0.53124005,0.4612038,0.4128517
66906,0.48726836,0.5011374,0.37108946
50599,0.66440034,0.6682161,0.3657866
47400,0.68820125,0.5916227,0.5114821
54615,0.597005,0.5332489,0.22612141
59279,0.52801365,0.5402143,0.34531802
36279,0.45646316,0.47178861,0.35146034
30151,0.67675674,0.659235,0.24230444
32982,0.42911556,0.45733997,0.18449566
14336,0.7445472,0.6895357,0.062575944
28351,0.79026634,0.6226554,0.55237657
25821,0.6217926,0.671965,0.24239081
51738,0.47553393,0.42619497,0.3312769
2642,0.5722234,0.548076,0.49103218
639,0.38247252,0.30189493,0.32231435
3873,0.6430329,0.63423485,0.39679366
23171,0.51603436,0.5901078,0.31663743
38699,0.5948128,0.4087299,0.48566854
1728,0.5317941,0.5798993,0.42630422
27139,0.82294714,0.8146716,0.40329516
39001,0.6326002,0.50795424,0.11982417
65073,0.587928,0.59163004,0.4034282
1737,0.44543123,0.5011895,0.44556823
20733,0.45805928,0.4581842,0.2113047
60054,0.70326,0.5483186,0.44468343
13493,0.6913666,0.7026236,0.36387575
28927,0.79924726,0.63609064,0.7024389
5650,0.5776629,0.5084085,0.45279682
14738,0.7029621,0.5516359,0.59823024
739,0.67763966,0.53599256,0.5997684
66225,0.65602785,0.6155189,0.25527743
49047,0.8065894,0.6565033,0.16390367
23312,0.58408844,0.5810939,0.08300948
18625,0.552161,0.5196946,0.45796603
40781,0.5641096,0.4952896,0.1957164
51834,0.24246319,0.21179667,0.15234065
49164,0.7525128,0.64780396,0.3648365
17810,0.68612707,0.5389562,0.43365264
68185,0.660568,0.5411416,0.5937918
53327,0.65472126,0.49165937,0.5722114
21736,0.37953165,0.34232768,0.18276975
41114,0.50988144,0.41939774,0.39917016
59393,0.7576934,0.72464716,0.6220046
25405,0.62228596,0.60455346,0.42092
1961,0.67926645,0.68829143,0.35072103
61565,0.57461375,0.4422722,0.15162872
46660,0.47835276,0.4784888,0.27328104
11437,0.5963203,0.46635294,0.49647075
70557,0.739414,0.74141645,0.5397811
16412,0.5859142,0.5146768,0.337179
26215,0.6345698,0.6776664,0.26657873
17186,0.4444474,0.3925228,0.27487576
60626,0.4236038,0.6294544,0.45839652
31626,0.62082845,0.64859426,0.45761296
42632,0.5313651,0.5474599,0.4916926
9277,0.42692462,0.5785839,0.24972354
37222,0.4484442,0.41657364,0.221951
28931,0.72326577,0.7457576,0.17176305
46364,0.3579072,0.38393995,0.19807239
45203,0.37807634,0.37565535,0.2576984
17773,0.6483369,0.5083434,0.5710356
58421,0.7116274,0.62226963,0.4633444
7222,0.42124385,0.3638574,0.32929522
29424,0.6623255,0.78220767,0.5639101
526,0.33450982,0.35406843,0.23220903
37812,0.3408944,0.4431296,0.21126655
8275,0.6498963,0.6612072,0.28341925
5206,0.5763101,0.5493975,0.37315416
65809,0.46932486,0.5749141,0.62105274
6568,0.69466335,0.60335106,0.3076635
7711,0.7574328,0.6286637,0.7100545
20539,0.46433103,0.3849846,0.41402256
30803,0.54632604,0.53514224,0.25621215
25280,0.73458815,0.6978389,0.34703535
56018,0.36371374,0.34872544,0.26209325
39266,0.6591107,0.6093637,0.4374783
38767,0.59474593,0.57399595,0.41204727
25628,0.6421032,0.5271976,0.52173907
5565,0.6572667,0.5157491,0.4960999
63667,0.57749426,0.5381424,0.2742511
24685,0.83658683,0.7140142,0.57167655
27299,0.7698283,0.6612918,0.44573125
60589,0.46174055,0.43790597,0.32560918
28874,0.70093775,0.7608669,0.47953916
58915,0.6735615,0.52730954,0.15868784
4777,0.73437166,0.6105436,0.5018061
39132,0.56558794,0.45390403,0.5251628
64804,0.39716306,0.36698243,0.2164371
39602,0.5037921,0.40458822,0.31425074
58851,0.39809567,0.41522545,0.25683948
33717,0.56032926,0.49169493,0.39964464
69156,0.5770613,0.5100189,0.46099532
55724,0.66501856,0.7243975,0.26976407
47158,0.5119229,0.5487824,0.41220337
6008,0.7462108,0.5011722,0.5691787
49680,0.77216256,0.7221433,0.38654327
53532,0.60819113,0.5250565,0.04607806
10523,0.12478217,0.33699948,0.34075317
52829,0.62574095,0.59767896,0.49785852
56553,0.30622166,0.29069164,0.30969754
67467,0.2751906,0.29877782,0.27040502
27228,0.73694354,0.5465464,0.26735622
62645,0.39204708,0.31882864,0.43301064
13918,0.8350959,0.67709696,0.48680013
11587,0.74115527,0.64287394,0.7012882
57977,0.5365911,0.51741475,0.32488465
56647,0.70152986,0.64437693,0.35708782
18023,0.4413092,0.44680128,0.40854943
37412,0.6341428,0.5473866,0.1955687
36059,0.6136114,0.54666,0.45950064
49727,0.83028644,0.7488836,0.84323573
28310,0.52760607,0.63611233,0.104691565
50807,0.6726694,0.40592638,0.37374473
16309,0.6307339,0.59892577,0.42003432
2219,0.44638392,0.44709694,0.3514706
26872,0.8087812,0.7630231,0.2301849
10848,0.7855127,0.69182813,0.39277086
636,0.6218033,0.5293478,0.2996265
48684,0.8338796,0.84678274,0.2733826
16122,0.50877535,0.33886606,0.24106836
19978,0.4790673,0.44769356,0.44984034
20150,0.40138292,0.42622152,0.3933855
60890,0.56786734,0.51814854,0.34238577
53720,0.5137088,0.4335278,0.3835642
8353,0.6462552,0.5939525,0.4527088
60668,0.7141869,0.53736955,0.34322065
35732,0.25817776,0.29542515,0.25803557
29693,0.7520826,0.67014056,0.21984994
60940,0.5181403,0.4858838,0.409945
43244,0.7398345,0.6173287,0.5787233
63379,0.34920135,0.3503125,0.2723343
59097,0.6119232,0.5111743,0.24495782
40506,0.5018418,0.4801202,0.5001828
17209,0.68083316,0.596635,0.33961934
33371,0.49647555,0.41507912,0.3232964
44194,0.42844114,0.35655847,0.293476
52684,0.4953442,0.49887398,0.4152753
54945,0.5553695,0.5427686,0.36936894
69580,0.27901414,0.2426707,0.24994352
35971,0.6784883,0.47018927,0.26095435
3812,0.19593033,0.47747335,0.52499646
61160,0.3406858,0.26894677,0.29675788
17908,0.41781002,0.42892694,0.38955268
41065,0.6250336,0.6475003,0.44574612
27169,0.5134441,0.5480623,0.18532906
30408,0.226353,0.24225889,0.16063923
50840,0.21446204,0.16702858,0.108885214
24230,0.6855482,0.58705187,0.47205982
49689,0.47328153,0.6665502,0.49735293
16566,0.2932886,0.30250245,0.20227179
52327,0.46877494,0.4117836,0.35397983
68904,0.51132965,0.48124164,0.47802493
25993,0.67744875,0.5891702,0.30487657
35018,0.77168596,0.7696621,0.5715649
36115,0.5381502,0.45384085,0.36505452
55586,0.71976554,0.60573196,0.6139666
40399,0.62049645,0.5591798,0.3859029
32345,0.71385556,0.67329586,0.5610061
36088,0.657859,0.610631,0.51281726
4274,0.75895345,0.6148182,0.70540416
25883,0.534312,0.63938767,0.5826282
47908,0.6449457,0.609988,0.38177243
26512,0.6695615,0.66893804,0.50057876
10230,0.7356012,0.7679508,0.34806737
52960,0.6832188,0.658289,0.5809232
10683,0.57619417,0.5199847,0.5378099
56648,0.45839423,0.49078935,0.4607576
15890,0.51077104,0.48190883,0.33245575
10283,0.37360436,0.462732,0.47437704
11353,0.6158898,0.4429986,0.5585477
58056,0.25361082,0.1878939,0.18104003
57972,0.51671827,0.4539272,0.3829601
55079,0.53079593,0.50230354,0.14545204
16873,0.7275573,0.61052746,0.7148523
37557,0.5653858,0.42100525,0.3402778
18909,0.617077,0.6065266,0.65081584
15152,0.44805005,0.50538903,0.4410964
31202,0.48249137,0.4888857,0.35683596
58834,0.48106268,0.387867,0.3823529
45034,0.5174311,0.42426655,0.41588208
68897,0.43287003,0.4292312,0.12421735
44917,0.8296784,0.7231182,0.50065994
29873,0.70513034,0.6321954,0.29821795
50339,0.781833,0.7559254,0.4864648
66746,0.5357665,0.5106501,0.19563016
49280,0.39878336,0.52544105,0.24429712
8244,0.7663194,0.6201873,0.5578488
69417,0.5588614,0.5426616,0.34239888
9304,0.7864283,0.79330134,0.27346087
34148,0.4919263,0.47673294,0.45643315
44503,0.5460868,0.50663036,0.3887235
56795,0.40694612,0.42227948,0.3789327
12356,0.75767446,0.6106328,0.5958682
36867,0.5421048,0.50229937,0.26566523
13731,0.41732508,0.40980417,0.3286924
40483,0.6952365,0.6921813,0.31545475
64352,0.4601238,0.3799958,0.36600626
20862,0.58589435,0.46278733,0.18415171
70661,0.6225232,0.51213753,0.50628376
14380,0.7070829,0.65168464,0.47612178
44744,0.5373499,0.5333354,0.45066106
16475,0.6078094,0.59896713,0.32912958
10248,0.50577223,0.34653103,0.48428372
20695,0.75204766,0.8237015,0.7129335
57659,0.6061432,0.50803906,0.17425555
16364,0.63356704,0.48850328,0.38800007
2409,0.49873787,0.55192506,0.2987889
65283,0.737121,0.4900677,0.5881908
25103,0.52602386,0.49318114,0.32886297
19932,0.46917203,0.441877,0.46131402
61487,0.678827,0.5483483,0.39898095
7860,0.57915086,0.51722103,0.39188635
68098,0.4608813,0.3688863,0.46234274
13412,0.73343945,0.6841647,0.49027225
10776,0.6804802,0.60371685,0.58985525
27684,0.82459706,0.7061133,0.512381
14873,0.77940106,0.64700687,0.56465006
42115,0.586922,0.5382958,0.38354716
56758,0.5601732,0.5205141,0.30179918
66120,0.18270491,0.20623368,0.13099405
62945,0.41272083,0.39453503,0.43019938
34942,0.68973064,0.6730598,0.45227382
48281,0.68055123,0.68786484,0.5186335
33614,0.49142912,0.49839315,0.16317375
49771,0.69953597,0.63125056,0.24106221
50900,0.7897445,0.63732105,0.35299712
58607,0.39748645,0.46629953,0.34292108
11261,0.5128949,0.46351486,0.46200773
4595,0.62253493,0.5894448,0.4246012
13500,0.6144465,0.5668854,0.16241156
18781,0.70015305,0.5679436,0.35264182
21225,0.4446982,0.5134679,0.18807319
63301,0.37124503,0.3537587,0.36759028
1269,0.5301318,0.5325774,0.19166644
62440,0.53626454,0.36481464,0.37267366
50844,0.6559547,0.608474,0.24827944
56730,0.46740744,0.42993575,0.2851315
8606,0.64031994,0.5539858,0.4607331
2711,0.7582509,0.66391945,0.19541872
27990,0.61889195,0.49859634,0.5995468
28991,0.45752385,0.5224875,0.14469776
58585,0.46568134,0.44286394,0.28790605
17855,0.6584949,0.61513835,0.5047099
61476,0.5847547,0.53179014,0.5305913
58955,0.60724187,0.5334839,0.48511314
52820,0.7868385,0.6622715,0.68439645
29125,0.6032137,0.6207341,0.11419693
43720,0.43624938,0.43580732,0.3625295
63066,0.35477436,0.3503252,0.26694182
37711,0.5695236,0.51480544,0.25882068
63256,0.49299562,0.44327793,0.25082746
46848,0.6101031,0.49586228,0.5620349
37054,0.5030052,0.49818605,0.45916864
53828,0.696416,0.5675508,0.519928
12677,0.47462356,0.38945752,0.3640154
28190,0.7281785,0.8015184,0.7143945
38783,0.5882372,0.44944322,0.50774705
52196,0.39020264,0.38093674,0.24134423
43527,0.5904564,0.5443679,0.5006759
24077,0.792736,0.67688835,0.19719604
63064,0.30844054,0.33129498,0.21753266
38788,0.74229497,0.7069524,0.2543077
57967,0.3631443,0.3366109,0.2958809
16994,0.45306703,0.4474768,0.42100784
47071,0.65068746,0.56155586,0.35090065
55625,0.51822114,0.30063263,0.33535016
42401,0.31285056,0.3095463,0.16643761
8155,0.4132209,0.48414665,0.4682119
26086,0.5896654,0.5486977,0.30400681
19054,0.69458324,0.61070937,0.6516382
47254,0.65234,0.56370705,0.48368862
9438,0.61538434,0.5373651,0.39222184
13565,0.61086553,0.5706706,0.36306676
28151,0.7367793,0.68829745,0.2949567
27935,0.73287964,0.71170044,0.40903014
33243,0.7183196,0.6089192,0.6508107
3471,0.7930944,0.68198436,0.36542144
8176,0.6146831,0.44101703,0.40364447
43340,0.6975049,0.6861529,0.5059836
58850,0.54628384,0.41743645,0.2060663
50875,0.40271625,0.43798548,0.17136982
19296,0.7205991,0.5119121,0.48272958
51630,0.7104821,0.5972776,0.15188777
63122,0.35156587,0.32623804,0.19139898
21312,0.6650901,0.61815095,0.038367495
69964,0.43893,0.52690077,0.22062948
4270,0.4447256,0.32852024,0.22889325
9461,0.45287618,0.39456293,0.17352493
15036,0.7008537,0.6177214,0.4816465
70034,0.2801538,0.5316171,0.45531884
55934,0.6605127,0.6599566,0.49628276
10156,0.6487676,0.5443383,0.5861069
68141,0.5822397,0.44939083,0.34120628
8793,0.56800336,0.5584736,0.3867838
58874,0.65307766,0.63554996,0.30948982
66321,0.6482903,0.57747966,0.2580313
29351,0.7839119,0.7627355,0.37558472
46017,0.3584536,0.37497213,0.2907863
55728,0.59675014,0.63446635,0.4623019
23142,0.80408686,0.65528226,0.67487395
54558,0.6065497,0.58397704,0.27686596
25174,0.60181284,0.6214435,0.40774342
62147,0.5152632,0.38714167,0.47281408
40188,0.67419964,0.6087831,0.56585366
56246,0.55340046,0.58966357,0.31109187
38259,0.75417674,0.5037699,0.62008405
3642,0.7963734,0.49274737,0.46568814
18704,0.57573056,0.52766335,0.50975627
66772,0.78503984,0.84641147,0.6530633
65870,0.7009449,0.6680546,0.57664174
13575,0.3738786,0.32383528,0.24273436
4551,0.5909364,0.5525594,0.27609482
13769,0.6843984,0.6668971,0.2766384
20908,0.39673576,0.51994824,0.4144847
4703,0.60639906,0.57597196,0.41860032
19965,0.3540935,0.4649733,0.30890095
2473,0.75727206,0.6870091,0.42098823
46740,0.36011463,0.417889,0.20796368
18953,0.593852,0.5549227,0.5019073
58523,0.6140355,0.5398271,0.4374239
54035,0.49215183,0.39439476,0.27916935
49785,0.39054632,0.44622084,0.13993566
53951,0.56345516,0.51455665,0.31171882
60739,0.8041039,0.783164,0.48229152
47552,0.58480895,0.59768486,0.55348307
42033,0.4880144,0.53812987,0.23879966
11467,0.589103,0.47426385,0.38674673
3749,0.78650206,0.7523391,0.43674985
28756,0.7062237,0.67382085,0.19738963
60689,0.58762366,0.52142787,0.19859692
53822,0.48304692,0.4486906,0.43643498
53715,0.43613988,0.4700359,0.2874906
70868,0.36056378,0.32211235,0.3431721
41865,0.6617219,0.57008564,0.48162133
63515,0.41406187,0.32477725,0.26329634
49994,0.8126206,0.70584655,0.31932104
20045,0.5101763,0.42670828,0.25620565
54093,0.79804367,0.7810913,0.24505603
40327,0.48600847,0.558296,0.47484738
45609,0.14346096,0.45809904,0.23972371
4370,0.6876698,0.74426436,0.6262349
56469,0.33615306,0.5458171,0.6049924
40301,0.58110577,0.5378963,0.49168658
12120,0.65914357,0.6415784,0.47901866
22542,0.73249054,0.6711377,0.7116329
48671,0.8285217,0.6935799,0.23645242
31404,0.75318176,0.7531926,0.56743145
46674,0.7856895,0.6648013,0.49271566
5311,0.5299465,0.52617294,0.46237755
33526,0.59322417,0.6914511,0.60086715
8303,0.38953653,0.41628608,0.34521446
12582,0.68014425,0.55245376,0.39325237
16007,0.5570802,0.4327125,0.33332145
28799,0.7378309,0.61945164,0.43260726
33898,0.6880169,0.6332803,0.33611447
67197,0.6321245,0.6696581,0.47443905
32878,0.70892936,0.55458015,0.44590896
35394,0.7999655,0.7501206,0.4446487
5710,0.65019834,0.57672316,0.589968
13119,0.68064624,0.5208031,0.4920904
22911,0.75591946,0.50269514,0.37034702
19977,0.21808839,0.39097658,0.27972898
39157,0.548348,0.5086369,0.5185048
3907,0.58355075,0.5138584,0.471116
22821,0.78886896,0.6210479,0.5800048
5075,0.73881835,0.7343947,0.2967024
16260,0.5172988,0.48582006,0.11052396
16149,0.71678054,0.71449023,0.19786018
42947,0.69339406,0.60061,0.50893074
70695,0.4882281,0.47485483,0.4419059
909,0.63278365,0.61217844,0.6625368
38141,0.8021305,0.6227696,0.5240252
5600,0.62740874,0.55381984,0.36290365
37345,0.59471476,0.6706465,0.6026651
5415,0.54169863,0.45506877,0.436899
61866,0.46182203,0.5057981,0.38846147
50438,0.70158756,0.60805595,0.505129
7210,0.4962154,0.5341857,0.4507702
42977,0.616723,0.6056097,0.42724386
60888,0.59053063,0.5577886,0.4085145
8436,0.6922138,0.5425352,0.19575298
6825,0.5123013,0.468064,0.39288682
15765,0.7608439,0.6747204,0.35054332
55819,0.56344867,0.5390256,0.30854905
37560,0.6668143,0.5272657,0.3442712
29171,0.47647434,0.5656905,0.3105435
35666,0.69524753,0.58858263,0.6052562
54491,0.51924795,0.48573476,0.45135704
54896,0.5167209,0.52458805,0.45022476
44397,0.65423477,0.6015933,0.5354272
39360,0.60094416,0.48026103,0.21960676
56983,0.5421319,0.42821413,0.33217412
60299,0.601711,0.51917565,0.5575489
27932,0.5793619,0.58368814,0.5200221
20390,0.7177326,0.66184545,0.58022577
61223,0.4921805,0.4020655,0.3154973
49147,0.80010664,0.7880577,0.3125048
50635,0.73186547,0.7218053,0.175382
15876,0.3562127,0.3294288,0.20524423
4835,0.8042628,0.6670555,0.23673487
52680,0.64612997,0.5237008,0.48411697
38398,0.61198014,0.59757304,0.5178965
41822,0.497925,0.5182552,0.40713772
7394,0.6204001,0.5551031,0.28973928
55657,0.5205082,0.5518643,0.37677902
24309,0.4899024,0.5871808,0.48340294
42972,0.56044775,0.4757312,0.5474404
58087,0.6584966,0.57158005,0.4030547
32624,0.6596963,0.570571,0.30115673
20621,0.57152855,0.60122293,0.5035415
47421,0.6380279,0.5099721,0.17905596
66980,0.32552385,0.20221078,0.086789325
30087,0.41999885,0.5089129,0.49501348
53495,0.5877356,0.57652855,0.10089066
53114,0.4453898,0.3978493,0.28288454
70766,0.6176945,0.59139025,0.5249531
40861,0.55281985,0.5098968,0.37082365
46084,0.48842782,0.56968683,0.31502354
11805,0.6632002,0.47786367,0.361495
36063,0.4766082,0.5272382,0.4198131
1848,0.79002655,0.3501254,0.25225306
21353,0.796596,0.6265454,0.2419135
18318,0.73884976,0.67098165,0.3443835
47882,0.71585244,0.5715383,0.5220446
69838,0.7814525,0.7152686,0.42870376
22998,0.8098544,0.8611144,0.4370804
8221,0.41912004,0.4021007,0.22888163
69649,0.76795566,0.7087813,0.46314526
4806,0.54057246,0.4951751,0.3235874
5573,0.608675,0.60121703,0.49255115
11351,0.59253085,0.517497,0.24019805
54339,0.6318036,0.5249934,0.37282902
28011,0.592291,0.48883462,0.38505298
18073,0.5991744,0.5922828,0.477228
6984,0.48974064,0.538561,0.45306352
2261,0.5519794,0.4957884,0.36889255
28255,0.7988963,0.75068307,0.7453972
64337,0.5496141,0.55697817,0.5728903
70907,0.7641076,0.7382794,0.42476556
52029,0.5208508,0.50757754,0.15444057
68837,0.4391996,0.41685247,0.40903336
16347,0.7560054,0.56109345,0.19354275
4780,0.6031523,0.5395488,0.23811784
28549,0.60492253,0.5121865,0.2857498
18077,0.6276982,0.5779985,0.44311285
21605,0.5601256,0.49223414,0.08863041
27048,0.6510786,0.52992386,0.46179083
39274,0.6869115,0.5372575,0.5521374
14559,0.50534594,0.494446,0.17075181
56559,0.646241,0.5659083,0.2956435
37906,0.56297463,0.5346468,0.32237235
52852,0.70109993,0.7154872,0.4044365
40602,0.76995564,0.67862207,0.5218719
24363,0.8144609,0.6096364,0.6395962
65292,0.7003269,0.6453236,0.3859772
68200,0.33175078,0.36708778,0.22703888
30638,0.31267765,0.30660695,0.14579538
882,0.3958552,0.32897216,0.3014868
41194,0.35329756,0.40745372,0.47745705
46054,0.61632705,0.74485636,0.66297007
13467,0.67132604,0.49283528,0.54664505
62391,0.28745532,0.44423795,0.40316486
54290,0.21003926,0.2971087,0.21668988
1120,0.7012376,0.649299,0.4173955
67012,0.39410433,0.39471865,0.28154123
32701,0.68447596,0.49209324,0.65340036
36772,0.45788178,0.4779536,0.25468376
56296,0.35076454,0.3834655,0.28651565
47052,0.46554816,0.42681146,0.4606138
43152,0.6350339,0.62486446,0.61999077
35073,0.6680775,0.558822,0.6275713
70024,0.39152452,0.38228425,0.20276414
18213,0.39648402,0.4246114,0.4110432
63450,0.4703163,0.4716285,0.42524883
45332,0.67958045,0.61219877,0.47168013
12305,0.5923232,0.31630462,0.525141
67288,0.48626906,0.37897873,0.19323802
18409,0.6313555,0.48410207,0.32555255
62924,0.46454632,0.46775022,0.33469594
2013,0.70113903,0.6528411,0.2641733
660,0.54725575,0.4917381,0.25702453
21550,0.42550442,0.6670965,0.45670223
9054,0.67066836,0.5089514,0.42161298
24519,0.6871457,0.65175295,0.3739909
60226,0.3647878,0.44407657,0.26172337
